Exchange,Symbol,Shortname,Longname,Sector,Industry,Currentprice,Marketcap,Ebitda,Revenuegrowth,City,State,Country,Fulltimeemployees,Longbusinesssummary,Weight,Marketcap_B
NMS,AAPL,Apple Inc.,Apple Inc.,Technology,Consumer Electronics,254.49,3846819807232,134660997120.0,0.061,Cupertino,CA,United States,164000.0,"Apple Inc. designs, manufactures, and markets smartphones, personal computers, tablets, wearables, and accessories worldwide. The company offers iPhone, a line of smartphones; Mac, a line of personal computers; iPad, a line of multi-purpose tablets; and wearables, home, and accessories comprising AirPods, Apple TV, Apple Watch, Beats products, and HomePod. It also provides AppleCare support and cloud services; and operates various platforms, including the App Store that allow customers to discover and download applications and digital content, such as books, music, video, games, and podcasts, as well as advertising services include third-party licensing arrangements and its own advertising platforms. In addition, the company offers various subscription-based services, such as Apple Arcade, a game subscription service; Apple Fitness+, a personalized fitness service; Apple Music, which offers users a curated listening experience with on-demand radio stations; Apple News+, a subscription news and magazine service; Apple TV+, which offers exclusive original content; Apple Card, a co-branded credit card; and Apple Pay, a cashless payment service, as well as licenses its intellectual property. The company serves consumers, and small and mid-sized businesses; and the education, enterprise, and government markets. It distributes third-party applications for its products through the App Store. The company also sells its products through its retail and online stores, and direct sales force; and third-party cellular network carriers, wholesalers, retailers, and resellers. Apple Inc. was founded in 1976 and is headquartered in Cupertino, California.",0.0692091524397274,3846.819807232
NMS,NVDA,NVIDIA Corporation,NVIDIA Corporation,Technology,Semiconductors,134.7,3298803056640,61184000000.0,1.224,Santa Clara,CA,United States,29600.0,"NVIDIA Corporation provides graphics and compute and networking solutions in the United States, Taiwan, China, Hong Kong, and internationally. The Graphics segment offers GeForce GPUs for gaming and PCs, the GeForce NOW game streaming service and related infrastructure, and solutions for gaming platforms; Quadro/NVIDIA RTX GPUs for enterprise workstation graphics; virtual GPU or vGPU software for cloud-based visual and virtual computing; automotive platforms for infotainment systems; and Omniverse software for building and operating metaverse and 3D internet applications. The Compute & Networking segment comprises Data Center computing platforms and end-to-end networking platforms, including Quantum for InfiniBand and Spectrum for Ethernet; NVIDIA DRIVE automated-driving platform and automotive development agreements; Jetson robotics and other embedded platforms; NVIDIA AI Enterprise and other software; and DGX Cloud software and services. The company's products are used in gaming, professional visualization, data center, and automotive markets. It sells its products to original equipment manufacturers, original device manufacturers, system integrators and distributors, independent software vendors, cloud service providers, consumer internet companies, add-in board manufacturers, distributors, automotive manufacturers and tier-1 automotive suppliers, and other ecosystem participants. NVIDIA Corporation was incorporated in 1993 and is headquartered in Santa Clara, California.",0.0593496381573215,3298.80305664
NMS,MSFT,Microsoft Corporation,Microsoft Corporation,Technology,Software - Infrastructure,436.6,3246068596736,136551997440.0,0.16,Redmond,WA,United States,228000.0,"Microsoft Corporation develops and supports software, services, devices and solutions worldwide. The Productivity and Business Processes segment offers office, exchange, SharePoint, Microsoft Teams, office 365 Security and Compliance, Microsoft viva, and Microsoft 365 copilot; and office consumer services, such as Microsoft 365 consumer subscriptions, Office licensed on-premises, and other office services. This segment also provides LinkedIn; and dynamics business solutions, including Dynamics 365, a set of intelligent, cloud-based applications across ERP, CRM, power apps, and power automate; and on-premises ERP and CRM applications. The Intelligent Cloud segment offers server products and cloud services, such as azure and other cloud services; SQL and windows server, visual studio, system center, and related client access licenses, as well as nuance and GitHub; and enterprise services including enterprise support services, industry solutions, and nuance professional services. The More Personal Computing segment offers Windows, including windows OEM licensing and other non-volume licensing of the Windows operating system; Windows commercial comprising volume licensing of the Windows operating system, windows cloud services, and other Windows commercial offerings; patent licensing; and windows Internet of Things; and devices, such as surface, HoloLens, and PC accessories. Additionally, this segment provides gaming, which includes Xbox hardware and content, and first- and third-party content; Xbox game pass and other subscriptions, cloud gaming, advertising, third-party disc royalties, and other cloud services; and search and news advertising, which includes Bing, Microsoft News and Edge, and third-party affiliates. The company sells its products through OEMs, distributors, and resellers; and directly through digital marketplaces, online, and retail stores. The company was founded in 1975 and is headquartered in Redmond, Washington.",0.0584008785436112,3246.068596736
NMS,AMZN,"Amazon.com, Inc.","Amazon.com, Inc.",Consumer Cyclical,Internet Retail,224.92,2365033807872,111583002624.0,0.11,Seattle,WA,United States,1551000.0,"Amazon.com, Inc. engages in the retail sale of consumer products, advertising, and subscriptions service through online and physical stores in North America and internationally. The company operates through three segments: North America, International, and Amazon Web Services (AWS). It also manufactures and sells electronic devices, including Kindle, Fire tablets, Fire TVs, Echo, Ring, Blink, and eero; and develops and produces media content. In addition, the company offers programs that enable sellers to sell their products in its stores; and programs that allow authors, independent publishers, musicians, filmmakers, Twitch streamers, skill and app developers, and others to publish and sell content. Further, it provides compute, storage, database, analytics, machine learning, and other services, as well as advertising services through programs, such as sponsored ads, display, and video advertising. Additionally, the company offers Amazon Prime, a membership program. The company's products offered through its stores include merchandise and content purchased for resale and products offered by third-party sellers. It serves consumers, sellers, developers, enterprises, content creators, advertisers, and employees. Amazon.com, Inc. was incorporated in 1994 and is headquartered in Seattle, Washington.",0.0425499486683522,2365.033807872
NMS,GOOGL,Alphabet Inc.,Alphabet Inc.,Communication Services,Internet Content & Information,191.41,2351625142272,123469996032.0,0.151,Mountain View,CA,United States,181269.0,"Alphabet Inc. offers various products and platforms in the United States, Europe, the Middle East, Africa, the Asia-Pacific, Canada, and Latin America. It operates through Google Services, Google Cloud, and Other Bets segments. The Google Services segment provides products and services, including ads, Android, Chrome, devices, Gmail, Google Drive, Google Maps, Google Photos, Google Play, Search, and YouTube. It is also involved in the sale of apps and in-app purchases and digital content in the Google Play and YouTube; and devices, as well as in the provision of YouTube consumer subscription services. The Google Cloud segment offers infrastructure, cybersecurity, databases, analytics, AI, and other services; Google Workspace that include cloud-based communication and collaboration tools for enterprises, such as Gmail, Docs, Drive, Calendar, and Meet; and other services for enterprise customers. The Other Bets segment sells healthcare-related and internet services. The company was incorporated in 1998 and is headquartered in Mountain View, California.",0.0423087098196338,2351.625142272
NMS,GOOG,Alphabet Inc.,Alphabet Inc.,Communication Services,Internet Content & Information,192.96,2351623045120,123469996032.0,0.151,Mountain View,CA,United States,181269.0,"Alphabet Inc. offers various products and platforms in the United States, Europe, the Middle East, Africa, the Asia-Pacific, Canada, and Latin America. It operates through Google Services, Google Cloud, and Other Bets segments. The Google Services segment provides products and services, including ads, Android, Chrome, devices, Gmail, Google Drive, Google Maps, Google Photos, Google Play, Search, and YouTube. It is also involved in the sale of apps and in-app purchases and digital content in the Google Play and YouTube; and devices, as well as in the provision of YouTube consumer subscription services. The Google Cloud segment offers infrastructure, cybersecurity, databases, analytics, AI, and other services; Google Workspace that include cloud-based communication and collaboration tools for enterprises, such as Gmail, Docs, Drive, Calendar, and Meet; and other services for enterprise customers. The Other Bets segment sells healthcare-related and internet services. The company was incorporated in 1998 and is headquartered in Mountain View, California.",0.0423086720892176,2351.62304512
NMS,META,"Meta Platforms, Inc.","Meta Platforms, Inc.",Communication Services,Internet Content & Information,585.25,1477457739776,79208996864.0,0.189,Menlo Park,CA,United States,72404.0,"Meta Platforms, Inc. engages in the development of products that enable people to connect and share with friends and family through mobile devices, personal computers, virtual reality headsets, and wearables worldwide. It operates in two segments, Family of Apps and Reality Labs. The Family of Apps segment offers Facebook, which enables people to share, discuss, discover, and connect with interests; Instagram, a community for sharing photos, videos, and private messages, as well as feed, stories, reels, video, live, and shops; Messenger, a messaging application for people to connect with friends, family, communities, and businesses across platforms and devices through text, audio, and video calls; and WhatsApp, a messaging application that is used by people and businesses to communicate and transact privately. The Reality Labs segment provides augmented and virtual reality related products comprising consumer hardware, software, and content that help people feel connected, anytime, and anywhere. The company was formerly known as Facebook, Inc. and changed its name to Meta Platforms, Inc. in October 2021. The company was incorporated in 2004 and is headquartered in Menlo Park, California",0.0265813329085953,1477.457739776
NMS,TSLA,"Tesla, Inc.","Tesla, Inc.",Consumer Cyclical,Auto Manufacturers,421.06,1351627833344,13244000256.0,0.078,Austin,TX,United States,140473.0,"Tesla, Inc. designs, develops, manufactures, leases, and sells electric vehicles, and energy generation and storage systems in the United States, China, and internationally. The company operates in two segments, Automotive, and Energy Generation and Storage. The Automotive segment offers electric vehicles, as well as sells automotive regulatory credits; and non-warranty after-sales vehicle, used vehicles, body shop and parts, supercharging, retail merchandise, and vehicle insurance services. This segment also provides sedans and sport utility vehicles through direct and used vehicle sales, a network of Tesla Superchargers, and in-app upgrades; purchase financing and leasing services; services for electric vehicles through its company-owned service locations and Tesla mobile service technicians; and vehicle limited warranties and extended service plans. The Energy Generation and Storage segment engages in the design, manufacture, installation, sale, and leasing of solar energy generation and energy storage products, and related services to residential, commercial, and industrial customers and utilities through its website, stores, and galleries, as well as through a network of channel partners; and provision of service and repairs to its energy product customers, including under warranty, as well as various financing options to its solar customers. The company was formerly known as Tesla Motors, Inc. and changed its name to Tesla, Inc. in February 2017. Tesla, Inc. was incorporated in 2003 and is headquartered in Austin, Texas.",0.0243174937863789,1351.627833344
NMS,AVGO,Broadcom Inc.,Broadcom Inc.,Technology,Semiconductors,220.79,1031217348608,22958000128.0,0.164,Palo Alto,CA,United States,20000.0,"Broadcom Inc. designs, develops, and supplies various semiconductor devices with a focus on complex digital and mixed signal complementary metal oxide semiconductor based devices and analog III-V based products worldwide. The company operates in two segments, Semiconductor Solutions and Infrastructure Software. It provides set-top box system-on-chips (SoCs); cable, digital subscriber line, and passive optical networking central office/consumer premise equipment SoCs; wireless local area network access point SoCs; Ethernet switching and routing custom silicon solutions; serializer/deserializer application specific integrated circuits; optical and copper, and physical layer devices; and fiber optic components and RF semiconductor devices. The company also offers RF front end modules and filter; Wi-Fi, Bluetooth, and global positioning system/global navigation satellite system SoCs; custom touch controllers; inductive charging; attached small computer system interface, and redundant array of independent disks controllers and adapters; peripheral component interconnect express; fiber channel host bus adapters; read channel based SoCs; custom flash controllers; preamplifiers; optocouplers, industrial fiber optics, and motion control encoders and subsystems; light emitting diode, ethernet PHYs, switch ICs, and camera microcontrollers. Its products are used in various applications, including enterprise and data center networking, home connectivity, set-top boxes, broadband access, telecommunication equipment, smartphones and base stations, data center servers and storage systems, factory automation, power generation and alternative energy systems, and electronic displays. Broadcom Inc. was founded in 1961 and is headquartered in Palo Alto, California.",0.0185529040232474,1031.217348608
NYQ,BRK-B,Berkshire Hathaway Inc. New,Berkshire Hathaway Inc.,Financial Services,Insurance - Diversified,453.2,978776031232,149547008000.0,-0.002,Omaha,NE,United States,396500.0,"Berkshire Hathaway Inc., through its subsidiaries, engages in the insurance, freight rail transportation, and utility businesses worldwide. The company provides property, casualty, life, accident, and health insurance and reinsurance; and operates railroad systems in North America. It also generates, transmits, stores, and distributes electricity from natural gas, coal, wind, solar, hydroelectric, nuclear, and geothermal sources; operates natural gas distribution and storage facilities, interstate pipelines, liquefied natural gas facilities, and compressor and meter stations; and holds interest in coal mining assets. In addition, the company manufactures boxed chocolates and other confectionery products; specialty chemicals, metal cutting tools, and components for aerospace and power generation applications; flooring products; insulation, roofing, and engineered products; building and engineered components; paints and coatings; and bricks and masonry products, as well as offers manufactured and site-built home construction, and related lending and financial services. Further, it provides recreational vehicles, apparel and footwear products, jewelry, and custom picture framing products, as well as alkaline batteries; castings, forgings, fasteners/fastener systems, aerostructures, and precision components; and cobalt, nickel, and titanium alloys. Additionally, the company distributes televisions and information; franchises and services quick service restaurants; distributes electronic components; and offers logistics services, grocery and foodservice distribution services, and professional aviation training and shared aircraft ownership programs. It also retails automobiles; furniture, bedding, and accessories; household appliances, electronics, and computers; jewelry, watches, crystal, china, stemware, flatware, gifts, and collectibles; kitchenware; and motorcycle clothing and equipment. The company was incorporated in 1998 and is headquartered in Omaha, Nebraska.",0.0176094184142796,978.776031232
NYQ,WMT,Walmart Inc.,Walmart Inc.,Consumer Defensive,Discount Stores,92.24,740999888896,40779001856.0,0.048,Bentonville,AR,United States,2100000.0,"Walmart Inc. engages in the operation of retail, wholesale, other units, and eCommerce worldwide. The company operates through three segments: Walmart U.S., Walmart International, and Sam's Club. It operates supercenters, supermarkets, hypermarkets, warehouse clubs, cash and carry stores, and discount stores under Walmart and Walmart Neighborhood Market brands; membership-only warehouse clubs; ecommerce websites, such as walmart.com.mx, walmart.ca, flipkart.com, PhonePe and other sites; and mobile commerce applications. The company offers grocery and consumables, including dairy, meat, bakery, deli, produce, dry, chilled or frozen packaged foods, alcoholic and nonalcoholic beverages, floral, snack foods, candy, other grocery items, health and beauty aids, paper goods, laundry and home care, baby care, pet supplies, and other consumable items; fuel, tobacco and other categories. It is also involved in the provision of health and wellness products covering pharmacy, optical and hearing services, and over-the-counter drugs and other medical products; and home and apparel including home improvement, outdoor living, gardening, furniture, apparel, jewelry, tools and power equipment, housewares, toys, seasonal items, mattresses and tire and battery centers. In addition, the company offers consumer electronics and accessories, software, video games, office supplies, appliances, and third-party gift cards. Further, it operates digital payment platforms; and offers financial services and related products, including money transfers, bill payments, money orders, check cashing, prepaid access, co-branded credit cards, installment lending, and earned wage access. Additionally, the company markets lines of merchandise under private brands, including Allswell, Athletic Works, Equate, and Free Assembly. The company was formerly known as Wal-Mart Stores, Inc. and changed its name to Walmart Inc. in February 2018. Walmart Inc. was founded in 1945 and is based in Bentonville, Arkansas.",0.0133315249578394,740.999888896
NYQ,LLY,Eli Lilly and Company,Eli Lilly and Company,Healthcare,Drug Manufacturers - General,767.76,690458853376,16566500352.0,0.204,Indianapolis,IN,United States,43000.0,"Eli Lilly and Company discovers, develops, and markets human pharmaceuticals worldwide. The company offers Basaglar, Humalog, Humalog Mix 75/25, Humalog U-100, Humalog U-200, Humalog Mix 50/50, insulin lispro, insulin lispro protamine, insulin lispro mix 75/25, Humulin, Humulin 70/30, Humulin N, Humulin R, and Humulin U-500 for diabetes; Jardiance, Mounjaro, and Trulicity for type 2 diabetes; and Zepbound for obesity. It provides oncology products, including Alimta, Cyramza, Erbitux, Jaypirca, Retevmo, Tyvyt, and Verzenio. In addition, the company offers Olumiant for rheumatoid arthritis, atopic dermatitis, severe alopecia areata, and COVID-19; Taltz for plaque psoriasis, psoriatic arthritis, ankylosing spondylitis, and non-radiographic axial spondylarthritis; Omvoh for ulcerative colitis; Cymbalta for depressive disorder, diabetic peripheral neuropathic pain, generalized anxiety disorder, fibromyalgia, and chronic musculoskeletal pain; Ebglyss for severe atopic dermatitis; and Emgality for migraine prevention and episodic cluster headache. Further, it provides Cialis for erectile dysfunction and benign prostatic hyperplasia; and Forteo for osteoporosis. It operates Lilly Seaport Innovation Center (LSC), a research and development facility in the Boston Seaport to advancing Lilly's efforts in RNA and DNA-based therapies as well as discovering new drug targets to create life-changing medicines across several disease states, including diabetes, obesity, cardiovascular diseases, neurodegeneration, and chronic pain. It has collaborations with Incyte Corporation; Boehringer Ingelheim Pharmaceuticals, Inc.; F. Hoffmann-La Roche Ltd and Genentech, Inc.; Biologics, Inc., AbCellera Biologics Inc.; Verge Genomics; and Chugai Pharmaceutical Co., Ltd, as well as development collaboration with Eli Lilly and Company for developing QIAstat-Dx IVD panel, for the detection of various APOE genotypes. The company was founded in 1876 and is headquartered in Indianapolis, Indiana.",0.0124222278222706,690.458853376
NYQ,JPM,JP Morgan Chase & Co.,JPMorgan Chase & Co.,Financial Services,Banks - Diversified,237.6,668924837888,,0.03,New York,NY,United States,316043.0,"JPMorgan Chase & Co. operates as a financial services company worldwide. It operates through three segments: Consumer & Community Banking, Commercial & Investment Bank, and Asset & Wealth Management. It offers deposit, investment and lending products, cash management, and payments and services; mortgage origination and servicing activities; residential mortgages and home equity loans; and credit cards, auto loans, leases, and travel services to consumers and small businesses through bank branches, ATMs, and digital and telephone banking. The company also provides investment banking products and services, including corporate strategy and structure advisory, and equity and debt market capital-raising services, as well as loan origination and syndication; payments; and cash and derivative instruments, risk management solutions, prime brokerage, and research, as well as offers securities services, including custody, fund accounting and administration, and securities lending products for asset managers, insurance companies, and public and private investment funds. In addition, it provides financial solutions, including lending, payments, investment banking, and asset management to small and midsized companies, local governments, nonprofit clients, and large corporations, as well as investors, developers, and owners of multifamily, office, retail, industrial, and affordable housing properties. Further, the company offers multi-asset investment management solutions in equities, fixed income, alternatives, and money market funds to institutional clients and retail investors; and retirement products and services, brokerage, custody, estate planning, lending, deposits, and investment management products to high net worth clients. JPMorgan Chase & Co. was founded in 1799 and is headquartered in New York, New York.",0.0120348036549762,668.924837888
NYQ,V,Visa Inc.,Visa Inc.,Financial Services,Credit Services,317.71,615235846144,24973000704.0,0.117,San Francisco,CA,United States,,"Visa Inc. operates as a payment technology company in the United States and internationally. The company operates VisaNet, a transaction processing network that enables authorization, clearing, and settlement of payment transactions. It also offers credit, debit, and prepaid card products; tap to pay, tokenization, and click to pay services; Visa Direct, a solution that facilitates the delivery of funds to eligible cards, bank accounts, and digital wallets; Visa B2B Connect, a multilateral business-to-business cross-border payments network; Visa Cross-Border Solution, a cross-border consumer payments solution; and Visa DPS that provides a range of value-added services, including fraud mitigation, dispute management, data analytics, campaign management, a suite of digital solutions, and contact center services. The company also provides acceptance solutions, which include Cybersource and Authorize.net that provides new and enhanced payment integrations with ecommerce platforms, enabling sellers and acquirers to offer tailored commerce experiences; risk and identity solutions, such as Visa Advanced Authorization, Visa Secure, Visa Consumer Authentication Service, Visa Protect Authentication Intelligence, and Visa Provisioning Intelligence; and Visa Consulting and Analytics, a payment consulting advisory services. It provides its services under the Visa, Visa Electron, Interlink, V PAY, and PLUS brands. The company serves merchants, financial institutions, and government entities. Visa Inc. was founded in 1958 and is headquartered in San Francisco, California.",0.0110688708065074,615.235846144
NYQ,MA,Mastercard Incorporated,Mastercard Incorporated,Financial Services,Credit Services,528.03,484642324480,16784000000.0,0.128,Purchase,NY,United States,33400.0,"Mastercard Incorporated, a technology company, provides transaction processing and other payment-related products and services in the United States and internationally. The company offers integrated products and value-added services for account holders, merchants, financial institutions, digital partners, businesses, governments, and other organizations, such as programs that enable issuers to provide consumers with credits to defer payments; payment products and solutions that allow its customers to access funds in deposit and other accounts; prepaid programs services; and commercial credit, debit, and prepaid payment products and solutions. It also provides solutions that enable businesses or governments to make payments to businesses, including Virtual Card Number, which is generated dynamically from a physical card and leverages the credit limit of the funding account; a platform to optimize supplier payment enablement campaigns for financial institutions; and treasury intelligence platform that offers corporations with recommendations to enhance working capital performance and accelerate spend on cards. In addition, the company offers Mastercard Send, which partners with digital messaging and payment platforms to enable consumers to send money directly within applications to other consumers; and Mastercard Cross-Border Services enables a range of payment flows through a distribution network with a single point of access to send and receive money globally through various channels, including bank accounts, mobile wallets, cards, and cash payouts. Further, it provides cyber and intelligence solutions; insights and analytics, consulting, marketing, loyalty, processing, and payment gateway solutions for e-commerce merchants; and open banking and digital identity services. The company offers payment solutions and services under the MasterCard, Maestro, and Cirrus name. Mastercard Incorporated was founded in 1966 and is headquartered in Purchase, New York.",0.0087193282229185,484.64232448
NYQ,ORCL,Oracle Corporation,Oracle Corporation,Technology,Software - Infrastructure,169.66,474532249600,21802999808.0,0.069,Austin,TX,United States,159000.0,"Oracle Corporation offers products and services that address enterprise information technology environments worldwide. Its Oracle cloud software as a service offering include various cloud software applications, including Oracle Fusion cloud enterprise resource planning (ERP), Oracle Fusion cloud enterprise performance management, Oracle Fusion cloud supply chain and manufacturing management, Oracle Fusion cloud human capital management, Oracle Cerner healthcare, and NetSuite applications suite, as well as Oracle Fusion Sales, Service, and Marketing. The company also offers cloud-based industry solutions for various industries; Oracle application licenses; and Oracle license support services. In addition, it provides cloud and license business' infrastructure technologies, such as the Oracle Database and MySQL Database; Java, a software development language; and middleware, including development tools and others. The company's cloud and license business' infrastructure technologies also comprise cloud-based compute, storage, and networking capabilities; and Oracle autonomous database and MySQL HeatWave, as well as Internet-of-Things, digital assistant, and blockchain. Further, it provides hardware products and other hardware-related software offerings, including Oracle engineered systems, enterprise servers, storage solutions, industry-specific hardware, virtualization software, operating systems, management software, and related hardware services, as well as hardware support products; and consulting and customer services. The company markets and sells its cloud, license, hardware, support, and services offerings directly to businesses in various industries, government agencies, and educational institutions, as well as through indirect channels. Oracle Corporation was founded in 1977 and is headquartered in Austin, Texas.",0.0085374351921528,474.5322496
NYQ,XOM,Exxon Mobil Corporation,Exxon Mobil Corporation,Energy,Oil & Gas Integrated,105.87,465308188672,71537999872.0,-0.015,Spring,TX,United States,62000.0,"Exxon Mobil Corporation engages in the exploration and production of crude oil and natural gas in the United States and internationally. It operates through Upstream, Energy Products, Chemical Products, and Specialty Products segments. The Upstream segment explores for and produces crude oil and natural gas. The Energy Products segment offers fuels, aromatics, and catalysts, as well as licensing services. It sells its products under the Exxon, Esso, and Mobil brands. The Chemical Products segment manufactures and markets petrochemicals including olefins, polyolefins, and intermediates. The Specialty Products segment offers performance products, including lubricants, basestocks, waxes, synthetics, elastomers, and resins. The company also involves in the manufacturing, trade, transport, and sale of crude oil, natural gas, petroleum products, petrochemicals, and other specialty products; and pursuit lower-emission business opportunities, including carbon capture and storage, hydrogen, lower-emission fuels, and lithium. Exxon Mobil Corporation was founded in 1870 and is based in Spring, Texas.",0.0083714826727031,465.308188672
NYQ,UNH,UnitedHealth Group Incorporated,UnitedHealth Group Incorporated,Healthcare,Healthcare Plans,500.13,460261654528,35035000832.0,0.092,Minnetonka,MN,United States,440000.0,"UnitedHealth Group Incorporated operates as a diversified health care company in the United States. The company operates through four segments: UnitedHealthcare, Optum Health, Optum Insight, and Optum Rx. The UnitedHealthcare segment offers consumer-oriented health benefit plans and services for national employers, public sector employers, mid-sized employers, small businesses, and individuals; health care coverage, and health and well-being services to individuals age 50 and older addressing their needs; Medicaid plans, children's health insurance and health care programs; and health and dental benefits, and hospital and clinical services, as well as health care benefits products and services to state programs caring for the economically disadvantaged, medically underserved, and those without the benefit of employer-funded health care coverage. The Optum Health segment provides care delivery, care management, wellness and consumer engagement, and health financial services patients, consumers, care delivery systems, providers, employers, payers, and public-sector entities. The Optum Insight segment offers software and information products, advisory consulting arrangements, and managed services outsourcing contracts to hospital systems, physicians, health plans, governments, life sciences companies, and other organizations. The Optum Rx segment provides pharmacy care services and programs, including retail network contracting, home delivery, specialty and community health pharmacy services, infusion, and purchasing and clinical capabilities, as well as develops programs in the areas of step therapy, formulary management, drug adherence, and disease/drug therapy management. UnitedHealth Group Incorporated was founded in 1974 and is based in Minnetonka, Minnesota.",0.0082806891423673,460.261654528
NMS,COST,Costco Wholesale Corporation,Costco Wholesale Corporation,Consumer Defensive,Discount Stores,954.07,423510736896,11521999872.0,0.01,Issaquah,WA,United States,333000.0,"Costco Wholesale Corporation, together with its subsidiaries, engages in the operation of membership warehouses in the United States, Puerto Rico, Canada, Mexico, Japan, the United Kingdom, Korea, Australia, Taiwan, China, Spain, France, Iceland, New Zealand, and Sweden. The company offers branded and private-label products in a range of merchandise categories. It offers merchandise, such as sundries, dry groceries, candies, coolers, freezers, deli, liquor, and tobacco; appliances, electronics, health and beauty aids, hardware, lawn and garden, sporting goods, tires, toys and seasonal products, office supplies, automotive care products, postages, tickets, apparel, small appliances, furniture, domestics, housewares, special order kiosks, and jewelry; and meat, produce, service deli, and bakery products. The company also operates gasoline, pharmacies, optical, food courts, hearing-aid centers, and tire installation centers; and offers business delivery, travel, grocery, and various other services online. It also operates e-commerce websites. The company was formerly known as Costco Companies, Inc. and changed its name to Costco Wholesale Corporation in August 1999. Costco Wholesale Corporation was founded in 1976 and is based in Issaquah, Washington.",0.007619493664505,423.510736896
NYQ,PG,Procter & Gamble Company (The),The Procter & Gamble Company,Consumer Defensive,Household & Personal Products,168.06,395788025856,24039999488.0,-0.006,Cincinnati,OH,United States,108000.0,"The Procter & Gamble Company engages in the provision of branded consumer packaged goods worldwide. The company operates through five segments: Beauty; Grooming; Health Care; Fabric & Home Care; and Baby, Feminine & Family Care. The Beauty segment offers conditioners, shampoos, styling aids, and treatments under the Head & Shoulders, Herbal Essences, Pantene, and Rejoice brands; and antiperspirants and deodorants, personal cleansing, and skin care products under the Olay, Old Spice, Safeguard, Secret, SK-II, and Native brands. The Grooming segment provides blades and razors, shave products, appliances, and other grooming products under the Braun, Gillette, and Venus brand names. The Health Care segment offers toothbrushes, toothpastes, and other oral care products under the Crest and Oral-B brand names; and gastrointestinal, pain relief, rapid diagnostics, respiratory, vitamins/minerals/supplements, and other personal health care products under Metamucil, Neurobion, Pepto-Bismol, and Vicks brands. The Fabric & Home Care segment provides fabric enhancers, laundry additives, and laundry detergents under the Ariel, Downy, Gain, and Tide brands; and air care, dish care, P&G professional, and surface care products under the Cascade, Dawn, Fairy, Febreze, Mr. Clean, and Swiffer brands. The Baby, Feminine & Family Care segment offers baby wipes, and taped diapers and pants under the Luvs and Pampers brands; adult incontinence and feminine care products under the Always, Always Discreet, and Tampax brands; and paper towels, tissues, and toilet papers under the Bounty, Charmin, and Puffs brands. It sells its products primarily through mass merchandisers, e-commerce, grocery stores, membership club stores, drug stores, department stores, distributors, wholesalers, specialty beauty stores, high-frequency stores, pharmacies, electronics stores, and professional channels, as well as directly to consumers. The company was founded in 1837 and is headquartered in Cincinnati, Ohio.",0.0071207270389399,395.788025856
NYQ,HD,"Home Depot, Inc. (The)","The Home Depot, Inc.",Consumer Cyclical,Home Improvement Retail,392.6,389994315776,24757999616.0,0.066,Atlanta,GA,United States,465000.0,"The Home Depot, Inc. operates as a home improvement retailer in the United States and internationally. It sells various building materials, home improvement products, lawn and garden products, and décor products, as well as facilities maintenance, repair, and operations products. The company also offers installation services for flooring, water heaters, bath, garage doors, cabinets, cabinet makeovers, countertops, sheds, furnaces and central air systems, and windows. In addition, it provides tool and equipment rental services. The company primarily serves homeowners; and professional renovators/remodelers, general contractors, maintenance professionals, handymen, property managers, and building service contractors, as well as specialty tradesmen, such as electricians, plumbers, and painters. It sells its products through websites, including homedepot.com; homedepot.ca and homedepot.com.mx; blinds.com, justblinds.com, and americanblinds.com for custom window coverings; thecompanystore.com, an online site for textiles and décor products; hdsupply.com for maintenance, repair, and operations (MRO) products and related services; and The Home Depot stores. The Home Depot, Inc. was incorporated in 1978 and is headquartered in Atlanta, Georgia.",0.0070164908687495,389.994315776
NMS,NFLX,"Netflix, Inc.","Netflix, Inc.",Communication Services,Entertainment,909.05,388580671488,9976898560.0,0.15,Los Gatos,CA,United States,13000.0,"Netflix, Inc. provides entertainment services. It offers TV series, documentaries, feature films, and games across various genres and languages. The company also provides members the ability to receive streaming content through a host of internet-connected devices, including TVs, digital video players, TV set-top boxes, and mobile devices. It has operations in approximately 190 countries. The company was incorporated in 1997 and is headquartered in Los Gatos, California.",0.0069910576205273,388.580671488
NYQ,JNJ,Johnson & Johnson,Johnson & Johnson,Healthcare,Drug Manufacturers - General,144.47,347828879360,30051999744.0,0.052,New Brunswick,NJ,United States,131900.0,"Johnson & Johnson, together with its subsidiaries, researches, develops, manufactures, and sells various products in the healthcare field worldwide. The company's Innovative Medicine segment offers products for various therapeutic areas, such as immunology, including rheumatoid arthritis, psoriatic arthritis, inflammatory bowel disease, and psoriasis; infectious diseases comprising HIV/AIDS; neuroscience, consisting of mood disorders, neurodegenerative disorders, and schizophrenia; oncology, such as prostate cancer, hematologic malignancies, lung cancer, and bladder cancer; cardiovascular and metabolism, including thrombosis, diabetes, and macular degeneration; and pulmonary hypertension comprising pulmonary arterial hypertension through retailers, wholesalers, distributors, hospitals, and healthcare professionals for prescription use. Its MedTech segment provides Interventional Solutions, including electrophysiology products to treat heart rhythm disorders; the heart recovery portfolio, which includes technologies to treat severe coronary artery disease requiring high-risk PCI or AMI cardiogenic shock; and neurovascular care that treats hemorrhagic and ischemic stroke. this segment also offers an orthopaedics portfolio that includes products and enabling technologies that support hips, knees, trauma, spine, sports, and other; surgery portfolios comprising advanced and general surgery technologies, as well as solutions for breast aesthetics, ear, nose, and throat procedures; contact lenses under the ACUVUE Brand; and TECNIS intraocular lenses for cataract surgery. It distributes its products to wholesalers, hospitals, and retailers, as well as physicians, nurses, hospitals, eye care professionals, and clinics. The company has a collaboration agreement with Stand Up To Cancer for research testing a combination of teclistamab and daratumumab to treat a rare disease AL amyloidosis. Johnson & Johnson was founded in 1886 and is based in New Brunswick, New Jersey.",0.00625788135158,347.82887936
NYQ,BAC,Bank of America Corporation,Bank of America Corporation,Financial Services,Banks - Diversified,44.17,338911100928,,-0.005,Charlotte,NC,United States,213000.0,"Bank of America Corporation, through its subsidiaries, provides banking and financial products and services for individual consumers, small and middle-market businesses, institutional investors, large corporations, and governments worldwide. It operates in four segments: Consumer Banking, Global Wealth & Investment Management (GWIM), Global Banking, and Global Markets. The Consumer Banking segment offers traditional and money market savings accounts, certificates of deposit and IRAs, non-interest and interest-bearing checking accounts, and investment accounts and products; credit and debit cards; residential mortgages, and home equity loans; and direct and indirect loans, such as automotive, recreational vehicle, and consumer personal loans. The GWIM segment provides investment management, brokerage, banking, and trust and retirement products and services; wealth management solutions; and customized solutions, including specialty asset management services. The Global Banking segment offers lending products and services, including commercial loans, leases, commitment facilities, trade finance, and commercial real estate and asset-based lending; treasury solutions, such as treasury management, foreign exchange, short-term investing options, and merchant services; working capital management solutions; debt and equity underwriting and distribution, and merger-related and other advisory services; and fixed-income and equity research, and certain market-based services. The Global Markets segment provides market-making, financing, securities clearing, settlement, and custody services; securities and derivative products; and risk management products using interest rate, equity, credit, currency and commodity derivatives, foreign exchange, fixed-income, and mortgage-related products. Bank of America Corporation was founded in 1784 and is based in Charlotte, North Carolina.",0.0060974392415119,338.911100928
NYQ,CRM,"Salesforce, Inc.","Salesforce, Inc.",Technology,Software - Application,343.65,328873050112,9345000448.0,0.084,San Francisco,CA,United States,72682.0,"Salesforce, Inc. provides Customer Relationship Management (CRM) technology that brings companies and customers together worldwide. The company's service includes sales to store data, monitor leads and progress, forecast opportunities, gain insights through analytics and artificial intelligence, and deliver quotes, contracts, and invoices; and service that enables companies to deliver trusted and highly personalized customer support at scale. In addition, its platform offering comprise a flexible platform that enables companies of various sizes, locations, and industries to build business workflow and apps with customer; online learning platform that allows anyone to learn in-demand Salesforce skills; and Slack, an intelligent productivity platform. The company's marketing services enables companies to plan, personalize, automate, and optimize customer marketing journey, connecting interaction, and connected products; and commerce services, which empowers shopping experience across various customer touchpoint, such as mobile, web, social, and stores and provides click-to-code tools that offers customers to build and deploy solutions. Further, its analytics offering includes Tableau, an end-to-end analytics solution for range of enterprise use cases and intelligent analytics with AI models, spot trends, predict outcomes, creates summaries, timely recommendations, and take action from any device; and integration service including MuleSoft, which provides building blocks to deliver end-to-end and connected experiences. Additionally, the company provides data cloud, a hyperscale data engine native to Salesforce; vertical services to meet the needs of customers in industries, such as financial services, healthcare and life sciences, manufacturing and automotive and government; and offers salesforce starter for small and medium-sized businesses. Salesforce, Inc. was incorporated in 1999 and is headquartered in San Francisco, California.",0.0059168420147283,328.873050112
NYQ,ABBV,AbbVie Inc.,AbbVie Inc.,Healthcare,Drug Manufacturers - General,175.58,310274424832,25629999104.0,0.038,North Chicago,IL,United States,50000.0,"AbbVie Inc. discovers, develops, manufactures, and sells pharmaceuticals worldwide. The company offers Humira, an injection for autoimmune and intestinal Behçet's diseases, and pyoderma gangrenosum; Skyrizi to treat moderate to severe plaque psoriasis, psoriatic disease, and Crohn's disease; Rinvoq to treat rheumatoid and psoriatic arthritis, ankylosing spondylitis, atopic dermatitis, axial spondyloarthropathy, ulcerative colitis, and Crohn's disease; Imbruvica for the treatment of adult patients with blood cancers; Epkinly to treat lymphoma; Elahere to treat cancer; and Venclexta/Venclyxto to treat blood cancers. It also provides facial injectables, plastics and regenerative medicine, body contouring, and skincare products; botox therapeutic; Vraylar for depressive disorder; Duopa and Duodopa to treat advanced Parkinson's disease; Ubrelvy for the acute treatment of migraine in adults; and Qulipta for episodic and chronic migraine. In addition, the company offers Ozurdex for eye diseases; Lumigan/Ganfort and Alphagan/Combigan for the reduction of elevated intraocular pressure in patients with open angle glaucoma or ocular hypertension; Restasis to increase tear production; and other eye care products. Further, it provides Mavyret/Maviret to treat chronic hepatitis C virus genotype 1-6 infection; Creon, a pancreatic enzyme therapy; Lupron to treat advanced prostate cancer, endometriosis and central precocious puberty, and patients with anemia caused by uterine fibroids; Linzess/Constella to treat irritable bowel syndrome with constipation and chronic idiopathic constipation; and Synthroid for hypothyroidism. It has collaborations with Calico Life Sciences LLC; REGENXBIO Inc.; Janssen Biotech, Inc.; Evolveimmune Therapeutics, Inc.; Genentech, Inc.; and Tentarix Biotherapeutics, LP. The company was incorporated in 2012 and is headquartered in North Chicago, Illinois.",0.0055822292289272,310.274424832
NYQ,KO,Coca-Cola Company (The),The Coca-Cola Company,Consumer Defensive,Beverages - Non-Alcoholic,62.55,269452886016,14830999552.0,-0.008,Atlanta,GA,United States,79100.0,"The Coca-Cola Company, a beverage company, manufactures, markets, and sells various nonalcoholic beverages worldwide. The company provides sparkling soft drinks, sparkling flavors; water, sports, coffee, and tea; juice, value-added dairy, and plant-based beverages; and other beverages. It also offers beverage concentrates and syrups, as well as fountain syrups to fountain retailers, such as restaurants and convenience stores. The company sells its products under the Coca-Cola, Diet Coke/Coca-Cola Light, Coca-Cola Zero Sugar, caffeine free Diet Coke, Cherry Coke, Fanta Orange, Fanta Zero Orange, Fanta Zero Sugar, Fanta Apple, Sprite, Sprite Zero Sugar, Simply Orange, Simply Apple, Simply Grapefruit, Fresca, Schweppes, Thums Up, Aquarius, Ayataka, BODYARMOR, Ciel, Costa, Dasani, dogadan, FUZE TEA, Georgia, glacéau smartwater, glacéau vitaminwater, Gold Peak, Ice Dew, I LOHAS, Powerade, Topo Chico, AdeS, Del Valle, fairlife, innocent, Minute Maid, and Minute Maid Pulpy brands. It operates through a network of independent bottling partners, distributors, wholesalers, and retailers, as well as through bottling and distribution operators. The company was founded in 1886 and is headquartered in Atlanta, Georgia.",0.0048477981288716,269.452886016
NMS,TMUS,"T-Mobile US, Inc.","T-Mobile US, Inc.",Communication Services,Telecom Services,220.31,255667552256,30663999488.0,0.047,Bellevue,WA,United States,67000.0,"T-Mobile US, Inc., together with its subsidiaries, provides mobile communications services in the United States, Puerto Rico, and the United States Virgin Islands. The company offers voice, messaging, and data services to customers in the postpaid, prepaid, and wholesale and other services. It also provides wireless devices, including smartphones, wearables, tablets, home broadband routers, and other mobile communication devices, as well as wireless devices and accessories; financing through equipment installment plans; reinsurance for device insurance policies and extended warranty contracts; leasing through JUMP! On Demand; and High Speed Internet services. In addition, the company offers services, devices, and accessories under the T-Mobile and Metro by T-Mobile brands through its owned and operated retail stores, T-Mobile app and customer care channels, and its websites. It also sells its devices to dealers and other third-party distributors for resale through independent third-party retail outlets and various third-party websites. The company was founded in 1994 and is headquartered in Bellevue, Washington. T-Mobile US, Inc. operate as a subsidiary Deutsche Telekom AG",0.0045997825436772,255.667552256
NYQ,CVX,Chevron Corporation,Chevron Corporation,Energy,Oil & Gas Integrated,142.85,254690115584,38942998528.0,-0.064,San Ramon,CA,United States,45600.0,"Chevron Corporation, through its subsidiaries, engages in the integrated energy and chemicals operations in the United States and internationally. The company operates in two segments, Upstream and Downstream. The Upstream segment is involved in the exploration, development, production, and transportation of crude oil and natural gas; processing, liquefaction, transportation, and regasification of liquefied natural gas; transportation of crude oil through pipelines; transportation, storage, and marketing of natural gas; and carbon capture and storage, as well as a gas-to-liquids plant. The Downstream segment refines crude oil into petroleum products; markets crude oil, refined products, and lubricants; manufactures and markets renewable fuels, commodity petrochemicals, plastics for industrial uses, and fuel and lubricant additives; and transports crude oil and refined products by pipeline, marine vessel, motor equipment, and rail car. The company was formerly known as ChevronTexaco Corporation and changed its name to Chevron Corporation in 2005. Chevron Corporation was founded in 1879 and is headquartered in San Ramon, California.",0.004582197222029,254.690115584
NYQ,MRK,"Merck & Company, Inc.","Merck & Co., Inc.",Healthcare,Drug Manufacturers - General,98.05,248031199232,22927998976.0,0.044,Rahway,NJ,United States,70000.0,"Merck & Co., Inc. operates as a healthcare company worldwide. It operates through two segments, Pharmaceutical and Animal Health. The Pharmaceutical segment offers human health pharmaceutical products in the areas of oncology, hospital acute care, immunology, neuroscience, virology, cardiovascular, and diabetes under the Keytruda, Bridion, Adempas, Lagevrio, Belsomra, Simponi, and Januvia brands, as well as vaccine products consisting of preventive pediatric, adolescent, and adult vaccines under the Gardasil/Gardasil 9, ProQuad, M-M-R II, Varivax, RotaTeq, Live Oral, Vaxneuvance, Pneumovax 23, and Vaqta names. The Animal Health segment discovers, develops, manufactures, and markets veterinary pharmaceuticals, vaccines, and health management solutions and services, as well as digitally connected identification, traceability, and monitoring products. vIt has development and commercialization agreement for three of Daiichi Sankyo's deruxtecan ADC candidates, which include patritumab deruxtecan, ifinatamab deruxtecan, and raludotatug deruxtecan for the treatment of multiple solid tumors both as monotherapy and/or in combination with other treatments; and AstraZeneca PLC to co-development and co-commercialize AstraZeneca's Lynparza products for multiple cancer types, and Koselugo for multiple indications. It also has licensed to develop, manufacture and  commercialize LM-299, a novel investigational PD-1/VEGF bispecific antibody from LaNova. The company also has a collaboration agreement with Eisai Co., Ltd., Bayer AG, and Ridgeback Biotherapeutics LP, as well Moderna, Inc. Merck & Co., Inc. was founded in 1891 and is headquartered in Rahway, New Jersey.",0.0044623948969961,248.031199232
NYQ,WFC,Wells Fargo & Company,Wells Fargo & Company,Financial Services,Banks - Diversified,70.34,234196303872,,-0.018,San Francisco,CA,United States,220167.0,"Wells Fargo & Company, a financial services company, provides diversified banking, investment, mortgage, and consumer and commercial finance products and services in the United States and internationally. The company operates through four segments: Consumer Banking and Lending; Commercial Banking; Corporate and Investment Banking; and Wealth and Investment Management. The Consumer Banking and Lending segment offers diversified financial products and services for consumers and small businesses. Its financial products and services include checking and savings accounts, and credit and debit cards, as well as home, auto, personal, and small business lending services. The Commercial Banking segment provides financial solutions to private, family owned, and certain public companies. Its products and services include banking and credit products across various industry sectors and municipalities, secured lending and lease products, and treasury management services. The Corporate and Investment Banking segment offers a suite of capital markets, banking, and financial products and services, such as corporate banking, investment banking, treasury management, commercial real estate lending and servicing, equity, and fixed income solutions, as well as sales, trading, and research capabilities services to corporate, commercial real estate, government, and institutional clients. The Wealth and Investment Management segment provides personalized wealth management, brokerage, financial planning, lending, private banking, and trust and fiduciary products and services to affluent, high-net worth, and ultra-high-net worth clients. It also operates through financial advisors in brokerage and wealth offices, consumer bank branches, independent offices, and digitally through WellsTrade and Intuitive Investor. The company was founded in 1852 and is headquartered in San Francisco, California.",0.0042134876359495,234.196303872
NMS,CSCO,"Cisco Systems, Inc.","Cisco Systems, Inc.",Technology,Communication Equipment,58.52,233071116288,13752000512.0,-0.056,San Jose,CA,United States,90400.0,"Cisco Systems, Inc. designs, manufactures, and sells Internet Protocol based networking and other products related to the communications and information technology industry in the Americas, Europe, the Middle East, Africa, the Asia Pacific, Japan, and China. The company also offers switching portfolio encompasses campus switching as well as data center switching; enterprise routing portfolio interconnects public and private wireline and mobile networks, delivering highly secure, and reliable connectivity to campus, data center and branch networks; and wireless products include indoor and outdoor wireless coverage designed for seamless roaming use of voice, video, and data applications. In addition, it provides security, which comprising network security, identity and access management, secure access service edge, and threat intelligence, detection, and response offerings; collaboration products, such as Webex Suite, collaboration devices, contact center, and communication platform as a service; end-to-end collaboration solutions that can be delivered from the cloud, on-premise or within hybrid cloud environments allowing customers to transition their collaboration solutions from on-premise to the cloud; and observability offers network assurance, monitoring and analytics and observability suite. Further, the company offers a range of service and support options for its customers, including technical support and advanced services and advisory services. It serves businesses of various sizes, public institutions, governments, and service providers. The company sells its products and services directly, as well as through systems integrators, service providers, other resellers, and distributors. Cisco Systems, Inc. has strategic alliances with other companies. Cisco Systems, Inc. was incorporated in 1984 and is headquartered in San Jose, California.",0.004193244088571,233.071116288
NYQ,ACN,Accenture plc,Accenture plc,Technology,Information Technology Services,366.37,229157109760,11065912320.0,0.026,Dublin,,Ireland,774000.0,"Accenture plc provides strategy and consulting, industry X, song, and technology and operation services in North America, Europe, the Middle East, Africa, and internationally. It offers systems integration and application management; security; intelligent platform; infrastructure; software engineering; data and AI; and automation services. The company also operates business processes; and designs, manufactures, and assembles automation equipment, robotics, and other commercial hardware products. It serves communications, media, and technology; banking and capital markets, and insurance; health and public service; consumer goods, retail, travel services; industrial; life science; chemicals, natural resources, energy, and utilities sectors. It has collaboration agreement with Kyoto University to advance learning, research, and innovation in human-centered  AI. The company was founded in 1951 and is based in Dublin, Ireland.",0.0041228261620705,229.15710976
NYQ,NOW,"ServiceNow, Inc.","ServiceNow, Inc.",Technology,Software - Application,1091.25,225143422976,1824000000.0,0.222,Santa Clara,CA,United States,22668.0,"ServiceNow, Inc. provides end to-end intelligent workflow automation platform solutions for digital businesses in the North America, Europe, the Middle East and Africa, Asia Pacific, and internationally. The company operates the Now platform for end-to-end digital transformation, artificial intelligence, machine learning, robotic process automation, process mining, performance analytics, and collaboration and development tools. It also provides asset management, cloud observability, integrated risk management; information technology (IT) service management applications; IT service management product suite for enterprise's employees, customers, and partners; strategic portfolio management product suite; IT operations management product that connects a customer's physical and cloud-based IT infrastructure; IT asset management; and security operations that connects with internal and third party. In addition, the company offers integrated risk management product to manage risk and resilience; environmental, social and governance management product; human resources, legal, and workplace service delivery products; customer service management product; and field service management applications. Further, the company provides app engine product; automation engine; platform privacy and security product; and source-to-pay operations. It serves to government, financial services, healthcare, telecommunications, manufacturing, IT services, technology, oil and gas, education, and consumer products through service providers and resale partners. ServiceNow, Inc. has strategic collaboration with Amazon Web Services, Inc. to accelerate AI-driven business transformation. The company was formerly known as Service-now.com and changed its name to ServiceNow, Inc. in May 2012. ServiceNow, Inc. was founded in 2004 and is headquartered in Santa Clara, California.",0.0040506148617239,225.143422976
NYQ,AXP,American Express Company,American Express Company,Financial Services,Credit Services,298.65,210382487552,,0.08,New York,NY,United States,74600.0,"American Express Company, together with its subsidiaries, operates as integrated payments company in the United States, Europe, the Middle East and Africa, the Asia Pacific, Australia, New Zealand, Latin America, Canada, the Caribbean, and Internationally. It operates through four segments: U.S. Consumer Services, Commercial Services, International Card Services, and Global Merchant and Network Services. The company's products and services include credit card, charge card, banking, and other payment and financing products; network services; expense management products and services; and travel and lifestyle services. It also provides merchant acquisition and processing, servicing and settlement, point-of-sale marketing, and information products and services for merchants; and fraud prevention services, as well as the design and operation of customer loyalty programs. In addition, the company operates lounges at airports under Centurion Lounge brand name. It sells its products and services to consumers, small businesses, mid-sized companies, and large corporations through mobile and online applications, affiliate marketing, customer referral programs, third-party service providers and business partners, direct mail, telephone, in-house sales teams, and direct response advertising. American Express Company was founded in 1850 and is headquartered in New York, New York.",0.0037850469689955,210.382487552
NYQ,MCD,McDonald's Corporation,McDonald's Corporation,Consumer Cyclical,Restaurants,292.68,209740349440,13845499904.0,0.027,Chicago,IL,United States,100000.0,"McDonald's Corporation operates and franchises restaurants under the McDonald's brand in the United States and internationally. It offers food and beverages, including hamburgers and cheeseburgers, various chicken sandwiches, fries, shakes, desserts, sundaes, cookies, pies, soft drinks, coffee, and other beverages; and full or limited breakfast, as well as sells various other products during limited-time promotions. The company owns and operates under various structures comprising conventional franchise, developmental license, or affiliate. McDonald's Corporation was founded in 1940 and is based in Chicago, Illinois.",0.0037734940924097,209.74034944
NMS,PEP,"Pepsico, Inc.","PepsiCo, Inc.",Consumer Defensive,Beverages - Non-Alcoholic,152.79,209626349568,16913000448.0,-0.006,Purchase,NY,United States,318000.0,"PepsiCo, Inc. engages in the manufacture, marketing, distribution, and sale of various beverages and convenient foods worldwide. The company operates through seven segments: Frito-Lay North America; Quaker Foods North America; PepsiCo Beverages North America; Latin America; Europe; Africa, Middle East and South Asia; and Asia Pacific, Australia and New Zealand and China Region. It provides dips, cheese-flavored snacks, and spreads, as well as corn, potato, and tortilla chips; cereals, rice, pasta, mixes and syrups, granola bars, grits, oatmeal, rice cakes, and side dishes; beverage concentrates, fountain syrups, and finished goods; ready-to-drink tea, coffee, and juices; dairy products; and sparkling water makers and related products, as well as distributes alcoholic beverages under Hard MTN Dew brand. The company offers its products primarily under the Lay's, Doritos, Fritos, Tostitos, BaiCaoWei, Cheetos, Cap'n Crunch, Life, Pearl Milling Company, Gatorade, Pepsi-Cola, Mountain Dew, Quaker, Rice-A-Roni, Aquafina, Bubly, Emperador, Diet Mountain Dew, Diet Pepsi, Gatorade Zero, Crush, Propel, Dr Pepper, Schweppes, Marias Gamesa, Ruffles, Sabritas, Saladitas, Tostitos, 7UP, Diet 7UP, H2oh!, Manzanita Sol, Mirinda, Pepsi Black, Pepsi Max, San Carlos, Toddy, Walkers, Chipsy, Kurkure, Sasko, Spekko, White Star, Smith's, Sting, SodaStream, Lubimyj Sad, Agusha, Chudo, Domik v Derevne, Lipton, and other brands. It serves wholesale and other distributors, foodservice customers, grocery stores, drug stores, convenience stores, discount/dollar stores, mass merchandisers, membership stores, hard discounters, e-commerce retailers and authorized independent bottlers, and others through a network of direct-store-delivery, customer warehouse, and distributor networks, as well as directly to consumers through e-commerce platforms and retailers. The company was founded in 1898 and is based in Purchase, New York.",0.0037714430905654,209.626349568
NYQ,BX,Blackstone Inc.,Blackstone Inc.,Financial Services,Asset Management,170.84,207208415232,,0.541,New York,NY,United States,4735.0,"Blackstone Inc. is an alternative asset management firm specializing in private equity, real estate, hedge fund solutions, credit, secondary funds of funds, public debt and equity and multi-asset class strategies. The firm typically invests in early-stage, seed, middle market, mature, late venture and later stage companies. It also provide capital markets services. The real estate segment specializes in opportunistic, core+ investments as well as debt investment opportunities collateralized by commercial real estate, and stabilized income-oriented commercial real estate across North America, Europe and Asia. The firm's corporate private equity business pursues transactions throughout the world across a variety of transaction types, including large buyouts, recapitalization, special situations, distressed mortgage loans, mid-cap buyouts, buy and build platforms, which involves multiple acquisitions behind a single management team and platform, and growth equity/development projects involving significant majority stakes in portfolio companies and minority investments in operating companies, shipping, real estate, corporate or consumer loans, and alternative energy greenfield development projects in energy and power, property, dislocated markets, shipping opportunities, financial institution breakups, re-insurance, and improving freight mobility, financial services, healthcare, life sciences, infrastructure, enterprise tech and consumer, as well as consumer technologies. The firm considers investment in Asia and Latin America. It seeks to invest between $0.25 million and $900 million per transaction. It invests in companies with enterprise value between $500 million and $5000 million. It has a three year investment period. The firm prefers to take majority and minority stakes. Its hedge fund business manages a broad range of commingled and customized fund solutions and its credit business focuses on loans, and securities of non-investment grade companies spread across the capital structure including senior debt, subordinated debt, preferred stock and common equity. Blackstone Inc. was founded in 1985 and is headquartered in New York, New York with additional offices across Asia, Europe, North America and Central America.",0.003727941394506,207.208415232
NYQ,IBM,International Business Machines,International Business Machines Corporation,Technology,Information Technology Services,223.36,206528708608,14675999744.0,0.015,Armonk,NY,United States,282200.0,"International Business Machines Corporation, together with its subsidiaries, provides integrated solutions and services worldwide. The company operates through Software, Consulting, Infrastructure, and Financing segments. The Software segment offers a hybrid cloud and AI platforms that allows clients to realize their digital and AI transformations across the applications, data, and environments in which they operate. The Consulting segment focuses on skills integration for strategy, experience, technology, and operations by domain and industry. The Infrastructure segment provides on-premises and cloud based server, and storage solutions, as well as life-cycle services for hybrid cloud infrastructure deployment. The Financing segment offers client and commercial financing, facilitates IBM clients' acquisition of hardware, software, and services. The company has a strategic partnership to various companies including hyperscalers, service providers, global system integrators, and software and hardware vendors that includes Adobe, Amazon Web services, Microsoft, Oracle, Salesforce, Samsung Electronics and SAP, and others. The company was formerly known as Computing-Tabulating-Recording Co. International Business Machines Corporation was incorporated in 1911 and is headquartered in Armonk, New York.",0.0037157126128858,206.528708608
NYQ,DIS,Walt Disney Company (The),The Walt Disney Company,Communication Services,Entertainment,112.03,202879614976,16750999552.0,0.037,Burbank,CA,United States,173250.0,"The Walt Disney Company operates as an entertainment company worldwide. It operates through three segments: Entertainment, Sports, and Experiences. The company produces and distributes film and television video streaming content under the ABC Television Network, Disney, Freeform, FX, Fox, National Geographic, and Star brand television channels, as well as ABC television stations and A+E television networks; and produces original content under the ABC Signature, Disney Branded Television, FX Productions, Lucasfilm, Marvel, National Geographic Studios, Pixar, Searchlight Pictures, Twentieth Century Studios, 20th Television, and Walt Disney Pictures banners. It also offers direct-to-consumer streaming services through Disney+, Disney+ Hotstar, Hulu, and Star+; sports-related entertainment services through ESPN, ESPN on ABC, ESPN+ DTC, and Star; sale/licensing of film and episodic content to third-party television and VOD services; theatrical, home entertainment, and music distribution services; DVD and Blu-ray discs, electronic home video licenses, and VOD rental services; staging and licensing of live entertainment events; and post-production services. In addition, the company operates theme parks and resorts comprising Walt Disney World Resort, Disneyland Resort, Disneyland Paris, Hong Kong Disneyland Resort, Shanghai Disney Resort, Disney Cruise Line, Disney Vacation Club, National Geographic Expeditions, and Adventures by Disney, as well as Aulani, a Disney resort and spa in Hawaii. It also licenses its intellectual property to a third party for operations of the Tokyo Disney Resort; licenses trade names, characters, visual, literary, and other IP for use on merchandise, published materials, and games; operates a direct-to-home satellite distribution platform; sells branded merchandise through retail, online, and wholesale businesses; and develops and publishes books, comic books, and magazines. The company was founded in 1923 and is based in Burbank, California.",0.0036500608043532,202.879614976
NMS,LIN,Linde plc,Linde plc,Basic Materials,Specialty Chemicals,424.31,202038607872,12581000192.0,0.025,Woking,,United Kingdom,65596.0,"Linde plc operates as an industrial gas company in the Americas, Europe, the Middle East, Africa, Asia, and South Pacific. It offers atmospheric gases, including oxygen, nitrogen, argon, and rare gases; and process gases, such as carbon dioxide, helium, hydrogen, electronic gases, specialty gases, and acetylene. The company also designs and constructs turnkey process plants for third-party customers, as well as for the gas businesses in various locations, such as air separation, hydrogen, synthesis, olefin, and natural gas plants. It serves a range of industries, including healthcare, chemicals and energy, manufacturing, metals and mining, food and beverage, and electronics. The company was founded in 1879 and is based in Woking, the United Kingdom.",0.0036349300231416,202.038607872
NYQ,TMO,Thermo Fisher Scientific Inc,Thermo Fisher Scientific Inc.,Healthcare,Diagnostics & Research,524.05,200449114112,10581999616.0,0.002,Waltham,MA,United States,122000.0,"Thermo Fisher Scientific Inc. provides life sciences solutions, analytical instruments, specialty diagnostics, and laboratory products and biopharma services in the North America, Europe, Asia-Pacific, and internationally. The company's Life Sciences Solutions segment offers reagents, instruments, and consumables for biological and medical research, discovery, and production of drugs and vaccines, as well as diagnosis of infections and diseases; and solutions include biosciences, genetic sciences, and bio production to pharmaceutical, biotechnology, agricultural, clinical, healthcare, academic, and government markets. Its Analytical Instruments segment provides instruments, consumables, software, and services for pharmaceutical, biotechnology, academic, government, environmental, and other research and industrial markets, as well as clinical laboratories. The company's Specialty Diagnostics segment offers liquid, ready-to-use, and lyophilized immunodiagnostic reagent kits, as well as calibrators, controls, protein detection assays, and instruments; immunodiagnostics develops, manufactures and markets complete bloodtest systems to support the clinical diagnosis and monitoring of allergy, asthma and autoimmune diseases; dehydrated and prepared culture media, collection and transport systems, instrumentation, and consumables; human leukocyte antigen typing and testing for organ transplant market; and healthcare products. Its Laboratory Products and Biopharma Services segment provides laboratory products, research and safety market channel, and pharma services and clinical research. It offers products and services through a direct sales force, customer-service professionals, electronic commerce, and third-party distributors under Thermo Scientific; Applied Biosystems; Invitrogen; Fisher Scientific; Unity Lab Services; and Patheon and PPD. It has a collaboration agreement with Mainz Biomed N.V. for the development of colorectal cancer screening product. Thermo Fisher Scientific Inc. was founded in 1956 and is headquartered in Waltham, Massachusetts.",0.0036063330205653,200.449114112
NYQ,MS,Morgan Stanley,Morgan Stanley,Financial Services,Capital Markets,123.44,198866780160,,0.165,New York,NY,United States,80000.0,"Morgan Stanley, a financial holding company, provides various financial products and services to corporations, governments, financial institutions, and individuals in the Americas, Europe, the Middle East, Africa, and Asia. It operates through Institutional Securities, Wealth Management, and Investment Management segments. The Institutional Securities segment offers capital raising and financial advisory services, including services related to the underwriting of debt, equity, and other securities, as well as advice on mergers and acquisitions, restructurings, real estate, and project finance. This segment also provides equity and fixed income products comprising sales, financing, prime brokerage, and market-making services; foreign exchange and commodities; corporate and commercial real estate loans, commercial mortgage and secured lending facilities, and financing for sales and trading customers, and asset-backed and mortgage lending; and wealth management services, investment, and research services. The Wealth Management segment offers financial advisor-led brokerage, custody, administrative, and investment advisory services; self-directed brokerage services; financial and wealth planning services; workplace services, including stock plan administration; annuity and insurance products; securities-based lending, residential real estate loans, and other lending products; banking; and retirement plan services to individual investors and small to medium-sized businesses and institutions. The Investment Management segment provides equity, fixed income, alternatives and solutions, and liquidity and overlay services to benefit/defined contribution plans, foundations, endowments, government entities, sovereign wealth funds, insurance companies, third-party fund sponsors, corporations, and individuals through institutional and intermediary channels. The company was founded in 1924 and is headquartered in New York, New York.",0.0035778648319882,198.86678016
NYQ,ABT,Abbott Laboratories,Abbott Laboratories,Healthcare,Medical Devices,114.23,198127370240,10824999936.0,0.049,North Chicago,IL,United States,114000.0,"Abbott Laboratories, together with its subsidiaries, discovers, develops, manufactures, and sells health care products worldwide. It operates in four segments: Established Pharmaceutical Products, Diagnostic Products, Nutritional Products, and Medical Devices. The company provides generic pharmaceuticals for the treatment of pancreatic exocrine insufficiency, irritable bowel syndrome or biliary spasm, intrahepatic cholestasis or depressive symptoms, gynecological disorder, hormone replacement therapy, dyslipidemia, hypertension, hypothyroidism, Ménière's disease and vestibular vertigo, pain, fever, inflammation, and migraine, as well as provides anti-infective clarithromycin, influenza vaccine, and products to regulate physiological rhythm of the colon. It also offers laboratory and transfusion medicine systems in the areas of immunoassay, clinical chemistry, hematology, and transfusion; molecular diagnostics polymerase chain reaction instrument systems that automate the extraction, purification, and preparation of DNA and RNA from patient samples, and detect and measure infectious agents; point of care systems; cartridges for testing blood gas, chemistry, electrolytes, coagulation, and immunoassay; rapid diagnostics lateral flow testing products; molecular point-of-care testing for HIV, SARS-CoV-2, influenza A and B, RSV, and strep A; cardiometabolic test systems; drug and alcohol test, and remote patient monitoring and consumer self-test systems; and informatics and automation solutions for laboratories. In addition, the company provides pediatric and adult nutritional products; rhythm management, electrophysiology, heart failure, vascular, and structural heart devices for the treatment of cardiovascular diseases; diabetes care products, such as glucose and blood glucose monitoring systems; and neuromodulation devices for the management of chronic pain and movement disorders. Abbott Laboratories was founded in 1888 and is based in North Chicago, Illinois.",0.0035645619125812,198.12737024
NMS,ADBE,Adobe Inc.,Adobe Inc.,Technology,Software - Infrastructure,447.17,196844240896,8134000128.0,0.106,San Jose,CA,United States,29945.0,"Adobe Inc., together with its subsidiaries, operates as a diversified software company worldwide. It operates through three segments: Digital Media, Digital Experience, and Publishing and Advertising. The Digital Media segment offers products, services, and solutions that enable individuals, teams, and enterprises to create, publish, and promote content; and Document Cloud, a unified cloud-based document services platform. Its flagship product is Creative Cloud, a subscription service that allows members to access its creative products. This segment serves content creators, students, workers, marketers, educators, enthusiasts, and communicators. The Digital Experience segment provides an integrated platform and set of applications and services that enable brands and businesses to create, manage, execute, measure, monetize, and optimize customer experiences from analytics to commerce. This segment serves marketers, advertisers, agencies, publishers, merchandisers, merchants, web analysts, data scientists, developers, and executives across the C-suite. The Publishing and Advertising segment offers products and services, such as e-learning solutions, technical document publishing, web conferencing, document and forms platform, web application development, and high-end printing, as well as Advertising Cloud offerings. It also provides consulting, technical support, and learning services. The company offers its products and services directly to enterprise customers through its sales force and local field offices, as well as to end users through app stores and through its website at adobe.com. It also distributes products and services through distributors, value-added resellers, systems integrators, software vendors and developers, retailers, and original equipment manufacturers. The company was formerly known as Adobe Systems Incorporated and changed its name to Adobe Inc. in October 2018. Adobe Inc. was founded in 1982 and is headquartered in San Jose, California.",0.003541476793231,196.844240896
NMS,AMD,"Advanced Micro Devices, Inc.","Advanced Micro Devices, Inc.",Technology,Semiconductors,119.21,193455177728,4479000064.0,0.176,Santa Clara,CA,United States,26000.0,"Advanced Micro Devices, Inc. operates as a semiconductor company worldwide. It operates through Data Center, Client, Gaming, and Embedded segments. The company offers x86 microprocessors and graphics processing units (GPUs) as an accelerated processing unit, chipsets, data center, and professional GPUs; and embedded processors, and semi-custom system-on-chip (SoC) products, microprocessor and SoC development services and technology, data processing unites, field programmable gate arrays (FPGA), and adaptive SoC products. It provides processors under the AMD Ryzen, AMD Ryzen PRO, Ryzen Threadripper, Ryzen Threadripper PRO, AMD Athlon, AMD Athlon PRO, and AMD PRO A-Series brand names; graphics under the AMD Radeon graphics and AMD Embedded Radeon graphics; and professional graphics under the AMD Radeon Pro graphics brand name. In addition, the company offers data center graphics under the Radeon Instinct and Radeon PRO V-series brands, as well as servers under the AMD Instinct accelerators brand; server microprocessors under the AMD EPYC brands; low power solutions under the AMD Athlon, AMD Geode, AMD Ryzen, AMD EPYC, AMD R-Series, and G-Series brands; FPGA products under the Virtex-6, Virtex-7, Virtex UltraScale+, Kintex-7, Kintex UltraScale, Kintex UltraScale+, Artix-7, Artix UltraScale+, Spartan-6, and Spartan-7 brands; adaptive SOCs under the Zynq-7000, Zynq UltraScale+ MPSoC, Zynq UltraScale+ RFSoCs, Versal HBM, Versal Premium, Versal Prime, Versal AI Core, Versal AI Edge, Vitis, and Vivado brands; and compute and network acceleration board products under the Alveo brand. It serves original equipment and design manufacturers, public cloud service providers, system integrators, independent distributors, and add-in-board manufacturers through its direct sales force, and sales representatives. Advanced Micro Devices, Inc. was incorporated in 1969 and is headquartered in Santa Clara, California.",0.003480503261541,193.455177728
NYQ,PM,Philip Morris International Inc,Philip Morris International Inc.,Consumer Defensive,Tobacco,124.22,193140981760,15301000192.0,0.084,Stamford,CT,United States,82700.0,"Philip Morris International Inc. operates as a tobacco company working to delivers a smoke-free future and evolving portfolio for the long-term to include products outside of the tobacco and nicotine sector. The company's product portfolio primarily consists of cigarettes and smoke-free products, including heat-not-burn, vapor, and oral nicotine products primarily under the IQOS and ZYN brands; and consumer accessories, such as lighters and matches. It also offers wellness and healthcare products. Philip Morris International Inc. was incorporated in 1987 and is headquartered in Stamford, Connecticut.",0.0034748504787919,193.14098176
NMS,ISRG,"Intuitive Surgical, Inc.","Intuitive Surgical, Inc.",Healthcare,Medical Instruments & Supplies,524.43,186790952960,2505100032.0,0.169,Sunnyvale,CA,United States,13676.0,"Intuitive Surgical, Inc. develops, manufactures, and markets products that enable physicians and healthcare providers to enhance the quality of and access to minimally invasive care in the United States and internationally. The company offers the da Vinci Surgical System that enables complex surgery using a minimally invasive approach; and Ion endoluminal system, which extends its commercial offerings beyond surgery into diagnostic procedures enabling minimally invasive biopsies in the lung. It also provides a suite of stapling, energy, and core instrumentation for its multi-port da Vinci surgical systems; progressive learning pathways to support the use of its technology; infrastructure of service and support specialists, a complement of services to its customers, including installation, repair, maintenance, 24/7 technical support, and proactive system health monitoring; and integrated digital capabilities providing connected offerings, streamlining performance for hospitals with program-enhancing insights. The company sells its products through direct sales organizations, such as capital and clinical sales teams. It has a collaboration agreement with FluoGuide A/S for head & neck cancer. The company was incorporated in 1995 and is headquartered in Sunnyvale, California.",0.0033606054313921,186.79095296
NMS,PLTR,Palantir Technologies Inc.,Palantir Technologies Inc.,Technology,Software - Infrastructure,80.55,183494524928,397707008.0,0.3,Denver,CO,United States,3892.0,"Palantir Technologies Inc. builds and deploys software platforms for the intelligence community to assist in counterterrorism investigations and operations in the United States, the United Kingdom, and internationally. The company provides Palantir Gotham, a software platform which enables users to identify patterns hidden deep within datasets, ranging from signals intelligence sources to reports from confidential informants, as well as facilitates the handoff between analysts and operational users, helping operators plan and execute real-world responses to threats that have been identified within the platform. It also offers Palantir Foundry, a platform that transforms the ways organizations operate by creating a central operating system for their data; and allows individual users to integrate and analyze the data they need in one place. In addition, it provides Palantir Apollo, a software that delivers software and updates across the business, as well as enables customers to deploy their software virtually in any environment; and Palantir Artificial Intelligence Platform (AIP) that provides unified access to open-source, self-hosted, and commercial large language models (LLM) that can transform structured and unstructured data into LLM-understandable objects and can turn organizations' actions and processes into tools for humans and LLM-driven agents. The company was incorporated in 2003 and is headquartered in Denver, Colorado.",0.0033012985229311,183.494524928
NYQ,GE,GE Aerospace,GE Aerospace,Industrials,Aerospace & Defense,168.37,182225174528,8935000064.0,0.058,Evendale,OH,United States,125000.0,"General Electric Company, doing business as GE Aerospace, designs and produces commercial and defense aircraft engines, integrated engine components, electric power, and mechanical aircraft systems. It also offers aftermarket services to support its products. The company operates in the United States, Europe, China, Asia, the Americas, the Middle East, and Africa. General Electric Company was incorporated in 1892 and is based in Evendale, Ohio.",0.0032784613042062,182.225174528
NSE,INFY,Infosys Limited,Infosys Limited,Technology,Information Technology Services,1800.0,75000000000,,,Bangalore,Karnataka,India,,,,75.0
